date,weekday,n_pickups,demand_modules,cost_opt_eur,cost_asap_eur,saving_eur,saving_pct,energy_opt_kwh,energy_asap_kwh,price_mean,price_min,price_max,price_spread_p90_p10,n_mill_runs_opt,n_mill_eco_opt,n_press_runs_opt,n_mill_runs_asap,n_press_runs_asap,peak_load_opt_kw,peak_load_asap_kw,H_end_opt,M_end_opt,H_end_asap,M_end_asap,H_mean_opt,M_mean_opt,H_mean_asap,M_mean_asap,energy_shifted_kwh,solve_time_s,termination_condition,n_mill_active_window_opt,n_press_active_window_opt,window_mill_cap,window_press_cap
2024-01-02,Tuesday,2,300,10.3727,15.544,5.1713,33.269,150.9012,212.5575,71.119,46.89,83.46,23.81,3,1,7,4,10,23.744,23.744,80.0,10.0,60.0,130.0,62.5,57.321,74.286,104.464,57.9636,1.536,optimal,4,11,8,20
2024-01-03,Wednesday,1,140,8.1055,4.3498,-3.7557,-86.342,137.7516,76.744,66.212,53.89,82.97,27.86,2,0,7,1,4,23.744,23.744,0.0,150.0,0.0,150.0,36.429,172.5,14.286,241.071,30.5038,0.928,optimal,2,7,8,20
2024-01-04,Thursday,1,150,6.6005,15.2995,8.6991,56.858,73.5085,151.5499,103.036,85.96,144.65,46.93,2,2,3,3,7,22.542,23.744,80.0,120.0,20.0,280.0,53.929,213.036,37.857,277.321,41.8783,3.177,optimal,3,7,8,20
2024-01-05,Friday,2,280,12.6545,8.5806,-4.0739,-47.478,133.8673,90.5423,98.306,89.57,108.45,15.84,3,3,6,2,4,22.542,23.744,140.0,80.0,60.0,160.0,53.929,168.036,56.429,288.75,45.2249,2.303,optimal,3,8,8,20
2024-01-08,Monday,1,130,5.8576,6.7194,0.8617,12.825,60.3588,61.0076,111.699,92.6,130.01,33.63,1,1,3,1,3,22.297,23.744,120.0,70.0,40.0,150.0,112.857,81.429,40.0,186.429,44.9468,0.954,optimal,1,5,8,20
2024-01-09,Tuesday,1,130,6.2403,10.1453,3.905,38.491,60.3588,90.5423,119.306,100.22,137.84,36.98,1,1,3,2,4,22.263,23.744,100.0,60.0,80.0,180.0,89.643,142.679,58.571,261.25,28.0339,1.381,optimal,2,6,8,20
2024-01-10,Wednesday,1,180,6.4856,12.5968,6.1112,48.514,60.3588,106.2787,123.159,102.21,143.79,35.67,1,1,3,2,5,22.419,23.744,80.0,0.0,80.0,200.0,76.786,45.0,62.143,236.429,33.5315,0.802,optimal,3,8,8,20
2024-01-11,Thursday,1,190,11.1989,12.2854,1.0864,8.843,104.9813,106.2787,121.009,99.0,150.09,41.62,2,2,5,2,5,22.263,23.744,80.0,10.0,80.0,210.0,74.643,93.036,62.143,343.036,45.8246,1.072,optimal,4,10,8,20
2024-01-12,Friday,2,210,11.3217,16.3593,5.0376,30.793,104.9813,137.7516,116.949,98.48,140.74,31.88,2,2,5,2,7,22.263,23.744,80.0,0.0,0.0,280.0,71.786,52.679,21.429,347.679,57.0374,1.735,optimal,4,12,8,20
2024-01-15,Monday,2,250,18.1857,12.3201,-5.8656,-47.61,194.8749,135.8135,96.146,82.15,112.8,26.52,4,3,9,3,6,23.744,23.744,120.0,110.0,60.0,270.0,48.571,93.929,49.286,325.357,69.1597,1.535,optimal,5,13,8,20
2024-01-16,Tuesday,2,260,10.2904,9.1105,-1.1799,-12.951,105.63,76.744,112.835,86.21,144.11,43.62,2,1,5,1,4,23.744,23.744,120.0,50.0,0.0,170.0,78.214,114.821,14.286,316.25,63.2918,0.735,optimal,2,8,8,20
2024-01-17,Wednesday,1,170,9.3904,18.2319,8.8414,48.494,89.2449,151.5499,116.324,96.5,140.52,27.47,2,2,4,3,7,22.297,23.744,160.0,40.0,20.0,280.0,83.929,145.536,37.857,296.964,87.7818,1.4,optimal,3,10,8,20
2024-01-18,Thursday,2,270,13.8806,16.5489,2.6682,16.123,149.6037,167.2863,100.06,83.12,125.89,35.74,3,3,7,3,8,22.542,23.744,180.0,50.0,0.0,330.0,110.357,70.357,50.0,346.786,64.0015,1.114,optimal,4,14,8,20
2024-01-19,Friday,2,320,9.769,6.3708,-3.3982,-53.34,123.3045,74.8059,84.93,71.12,104.27,29.71,1,1,7,2,3,22.419,23.744,0.0,10.0,80.0,130.0,82.143,75.536,58.571,309.821,55.1764,2.109,optimal,3,10,8,20
2024-01-22,Monday,1,110,6.9883,6.3941,-0.5942,-9.293,118.7796,106.2787,62.981,56.72,77.35,15.07,3,2,5,2,5,23.744,23.744,100.0,100.0,80.0,220.0,66.429,42.143,62.143,221.429,64.8565,1.795,optimal,4,8,8,20
2024-01-23,Tuesday,1,200,3.5518,4.9632,1.4115,28.438,60.3588,76.744,67.908,53.74,84.51,22.45,1,1,3,1,4,22.419,23.744,80.0,20.0,20.0,180.0,96.429,146.429,23.571,340.714,51.798,0.796,optimal,2,7,8,20
2024-01-24,Wednesday,1,150,7.5498,4.0934,-3.4564,-84.44,165.9889,90.5423,47.472,36.44,54.21,14.0,3,2,8,2,4,23.744,23.744,60.0,190.0,60.0,190.0,62.143,167.321,56.429,273.036,53.3816,3.323,optimal,3,8,8,20
2024-01-25,Thursday,1,180,0.0,15.2624,15.2624,100.0,0.0,167.2863,92.414,74.95,123.38,37.68,0,0,0,3,8,0.0,23.744,60.0,10.0,40.0,330.0,60.0,186.786,57.857,353.214,83.6432,2.098,optimal,3,8,8,20
2024-01-26,Friday,2,330,12.9598,6.266,-6.6938,-106.828,225.7071,106.2787,58.858,46.47,76.59,21.3,5,1,10,2,5,23.867,23.744,160.0,80.0,40.0,200.0,74.286,92.5,36.429,383.929,86.8895,1.085,optimal,5,13,8,20
2024-01-29,Monday,1,170,4.4139,5.0845,0.6706,13.188,60.3588,61.0076,93.039,70.24,127.42,46.03,1,1,3,1,3,22.297,23.744,140.0,30.0,20.0,150.0,131.429,70.0,20.0,206.429,34.1094,2.066,optimal,1,6,8,20
2024-01-30,Tuesday,1,120,5.3763,4.5137,-0.8627,-19.112,76.0953,61.0076,81.541,68.1,99.23,27.7,1,1,4,1,3,22.419,17.138,80.0,70.0,0.0,150.0,85.357,65.714,14.286,167.143,21.3422,1.213,optimal,1,6,8,20
2024-01-31,Wednesday,1,140,5.9657,7.0644,1.0986,15.552,89.8936,90.5423,79.406,56.96,119.93,27.58,2,1,4,2,4,23.744,23.744,120.0,90.0,40.0,170.0,66.786,47.143,36.429,175.714,61.8074,0.824,optimal,2,6,8,20
2024-02-01,Thursday,1,150,3.9594,13.064,9.1047,69.693,60.3588,167.2863,81.631,57.26,97.89,27.07,1,1,3,3,8,22.263,23.744,100.0,60.0,20.0,340.0,91.071,81.429,37.857,261.429,54.4165,3.212,optimal,3,10,8,20
2024-02-02,Friday,2,330,8.7632,8.6896,-0.0736,-0.846,150.9012,135.8135,64.904,49.68,89.32,33.17,3,1,7,3,6,23.867,23.744,120.0,10.0,80.0,250.0,62.857,86.786,69.286,383.929,69.0209,12.737,optimal,5,13,8,20
2024-02-05,Monday,2,230,3.576,4.2945,0.7185,16.73,122.0151,122.0151,47.032,1.09,68.78,63.46,2,0,6,2,6,23.744,23.744,80.0,20.0,40.0,260.0,65.0,81.429,40.0,338.571,39.8195,5.186,optimal,4,12,8,20
2024-02-06,Tuesday,2,230,9.5198,3.3618,-6.158,-183.178,182.374,61.0076,54.702,40.11,62.97,19.46,3,1,9,1,3,24.256,23.744,20.0,150.0,20.0,150.0,61.071,136.071,20.0,303.929,81.871,1.379,optimal,3,9,8,20
2024-02-07,Wednesday,1,150,8.3039,13.7588,5.4549,39.646,103.692,151.5499,93.14,75.98,136.22,42.06,3,1,4,3,7,23.744,23.744,160.0,160.0,40.0,280.0,97.5,170.714,57.857,205.0,23.929,1.333,optimal,3,7,8,20
2024-02-08,Thursday,2,280,5.136,10.8004,5.6644,52.446,60.3588,106.2787,96.182,80.61,133.15,30.35,1,1,3,2,5,22.542,23.744,140.0,0.0,40.0,200.0,119.286,127.143,36.429,349.286,69.8024,1.387,optimal,2,8,8,20
2024-02-09,Friday,1,170,7.2412,4.2287,-3.0125,-71.239,104.9813,61.0076,78.003,67.74,95.45,27.6,2,2,5,1,3,22.542,23.744,140.0,30.0,20.0,150.0,106.071,61.429,20.0,206.429,23.8576,1.073,optimal,2,8,8,20
2024-02-12,Monday,1,150,3.9368,4.7215,0.7847,16.62,60.3588,61.0076,81.048,63.75,104.0,32.55,1,1,3,1,3,22.419,17.138,120.0,0.0,0.0,120.0,110.0,89.464,14.286,224.464,40.7538,1.607,optimal,1,6,8,20
2024-02-13,Tuesday,1,120,3.7278,3.0975,-0.6303,-20.349,60.3588,45.2712,76.14,60.26,99.88,34.48,1,1,3,1,2,22.263,17.138,100.0,0.0,20.0,80.0,90.714,66.429,20.0,172.857,38.428,1.201,optimal,1,5,8,20
2024-02-14,Wednesday,1,80,5.7857,5.9682,0.1825,3.058,89.2449,90.5423,73.14,62.63,87.58,21.18,2,2,4,2,4,22.419,23.744,140.0,80.0,60.0,160.0,97.5,64.286,56.429,135.714,33.2789,1.087,optimal,2,6,8,20
2024-02-15,Thursday,1,130,2.101,4.5788,2.4778,54.115,31.4728,61.0076,74.669,62.97,87.0,20.72,0,0,2,1,3,17.138,23.744,60.0,30.0,40.0,150.0,85.0,62.857,40.0,186.429,30.5038,1.551,optimal,1,5,8,20
2024-02-16,Friday,1,140,6.6932,5.2254,-1.4679,-28.091,118.7796,90.5423,64.454,52.31,77.42,24.45,3,2,5,2,4,23.744,23.744,160.0,90.0,80.0,170.0,95.714,77.857,58.571,193.571,50.0631,1.539,optimal,3,7,8,20
2024-02-19,Monday,1,170,3.8464,9.6922,5.8458,60.315,60.3588,137.7516,73.018,60.99,97.65,21.37,1,1,3,2,7,22.297,23.744,140.0,40.0,0.0,280.0,132.857,153.393,21.429,346.964,47.1168,2.029,optimal,2,9,8,20
2024-02-20,Tuesday,2,280,6.9698,5.4694,-1.5004,-27.432,120.7177,90.5423,65.8,51.42,90.89,26.76,2,2,6,2,4,22.542,23.744,100.0,0.0,40.0,160.0,101.786,80.179,36.429,308.036,42.6313,1.343,optimal,3,10,8,20
2024-02-21,Wednesday,1,130,5.8498,4.1881,-1.6617,-39.676,105.63,61.0076,62.225,45.98,85.11,19.12,2,1,5,1,3,22.86,23.744,100.0,70.0,20.0,150.0,48.571,36.429,20.0,186.429,54.3299,1.14,optimal,2,7,8,20
2024-02-22,Thursday,1,140,1.7906,7.3011,5.5105,75.474,45.2712,106.2787,61.993,24.48,81.91,31.64,1,0,2,2,5,23.867,23.744,120.0,10.0,20.0,210.0,87.857,72.5,37.857,258.214,75.775,1.145,optimal,2,7,8,20
2024-02-23,Friday,2,200,6.9146,7.7178,0.8033,10.408,151.5499,151.5499,57.727,33.6,86.44,46.91,3,0,7,3,7,24.133,23.744,140.0,90.0,40.0,290.0,91.786,123.75,57.857,273.75,35.6526,2.683,optimal,4,12,8,20
2024-02-26,Monday,2,270,7.638,6.0717,-1.5663,-25.797,120.7177,90.5423,70.084,58.19,85.32,23.18,2,2,6,2,4,22.419,23.744,100.0,60.0,80.0,180.0,106.071,146.429,58.571,345.714,54.5656,1.2,optimal,3,9,8,20
2024-02-27,Tuesday,1,170,5.7093,9.9336,4.2242,42.525,89.2449,137.7516,79.789,59.25,111.8,45.91,2,2,4,2,7,22.419,23.744,140.0,50.0,0.0,290.0,95.357,152.679,21.429,356.964,35.2763,1.635,optimal,3,10,8,20
2024-02-28,Wednesday,2,290,7.9928,6.2654,-1.7274,-27.571,120.7177,90.5423,75.403,60.72,104.49,31.73,2,2,6,2,4,22.419,23.744,100.0,0.0,40.0,160.0,105.357,82.679,36.429,303.393,41.2826,4.192,optimal,3,10,8,20
2024-02-29,Thursday,1,130,6.112,5.5234,-0.5886,-10.657,105.63,90.5423,67.809,53.98,86.26,26.27,2,1,5,2,4,23.744,23.744,100.0,70.0,80.0,190.0,76.786,115.536,58.571,271.25,49.445,1.017,optimal,3,8,8,20
2024-03-01,Friday,1,170,5.8759,9.7431,3.8672,39.692,89.2449,137.7516,75.479,63.08,93.73,24.77,2,2,4,2,7,22.419,23.744,140.0,60.0,0.0,300.0,96.071,83.571,21.429,285.0,45.398,1.154,optimal,3,10,8,20
2024-03-04,Monday,2,270,8.1232,5.1795,-2.9438,-56.835,120.7177,74.8059,78.926,61.1,105.18,40.47,2,2,6,2,3,22.419,23.744,100.0,30.0,80.0,150.0,105.357,107.5,58.571,309.643,46.6974,1.167,optimal,3,9,8,20
2024-03-05,Tuesday,1,130,6.1148,7.7026,1.5878,20.614,89.2449,106.2787,80.333,65.83,112.99,38.37,2,2,4,2,5,22.419,23.744,140.0,60.0,80.0,220.0,95.357,123.393,62.143,294.107,38.0017,2.095,optimal,3,8,8,20
2024-03-06,Wednesday,2,220,5.377,6.5578,1.1808,18.006,76.0953,76.744,87.059,69.29,119.58,49.9,1,1,4,1,4,22.419,23.744,80.0,0.0,20.0,160.0,87.5,93.036,23.571,287.321,56.4902,2.073,optimal,2,8,8,20
2024-03-07,Thursday,1,150,5.7186,6.0827,0.3641,5.986,89.2449,90.5423,76.825,60.26,105.71,35.01,2,2,4,2,4,22.263,23.744,120.0,10.0,60.0,170.0,76.071,81.607,56.429,253.036,39.3291,1.058,optimal,3,8,8,20
2024-03-08,Friday,1,160,7.4068,6.9615,-0.4454,-6.397,167.2863,151.5499,56.514,4.26,88.89,61.99,3,0,8,3,7,24.133,23.744,100.0,170.0,80.0,290.0,86.429,85.0,69.286,248.571,34.6883,2.449,optimal,4,11,8,20
2024-03-11,Monday,2,260,7.1447,4.7416,-2.4032,-50.683,105.63,61.0076,79.626,60.79,108.01,35.67,2,1,5,1,3,23.744,23.744,100.0,110.0,60.0,150.0,76.786,210.893,52.857,311.607,65.1316,1.306,optimal,2,6,8,20
2024-03-12,Tuesday,1,140,3.5029,15.5234,12.0205,77.435,44.6224,167.2863,95.573,78.26,134.92,46.13,1,1,2,3,8,22.231,23.744,120.0,50.0,40.0,330.0,96.429,153.929,57.857,313.929,67.4928,0.973,optimal,3,9,8,20
2024-03-13,Wednesday,2,330,9.2367,4.5769,-4.6599,-101.814,136.4541,61.0076,75.799,63.96,97.8,29.75,2,2,7,1,3,22.419,23.744,40.0,0.0,20.0,120.0,68.214,88.214,20.0,323.929,68.9259,1.853,optimal,3,10,8,20
2024-03-14,Thursday,1,110,3.8602,4.9985,1.1382,22.772,73.5085,90.5423,69.636,49.16,114.77,38.67,2,2,3,2,4,22.297,23.744,120.0,10.0,60.0,170.0,68.214,68.036,56.429,213.75,28.4812,2.449,optimal,3,7,8,20
2024-03-15,Friday,1,140,5.4315,2.5403,-2.8912,-113.817,122.0151,45.2712,58.809,36.87,87.99,48.58,2,0,6,1,2,23.124,23.744,80.0,110.0,80.0,110.0,91.429,65.0,69.286,165.714,62.6429,2.06,optimal,2,6,8,20
2024-03-18,Monday,1,90,0.0,2.7319,2.7319,100.0,0.0,31.4728,88.49,66.64,145.71,58.83,0,0,0,0,2,0.0,17.138,80.0,20.0,0.0,100.0,80.0,108.393,3.571,177.679,15.7364,0.848,optimal,0,2,8,20
2024-03-19,Tuesday,1,70,3.4813,4.6394,1.1581,24.962,60.3588,74.8059,83.631,54.47,131.42,72.24,1,1,3,2,3,22.419,23.744,60.0,70.0,80.0,150.0,57.857,87.321,58.571,175.893,31.8228,1.863,optimal,2,5,8,20
2024-03-20,Wednesday,1,120,5.8118,9.9304,4.1186,41.475,89.8936,137.7516,94.762,61.43,168.54,95.1,2,1,4,2,7,22.86,23.744,100.0,110.0,0.0,310.0,72.143,166.429,21.429,327.857,43.2146,1.248,optimal,3,9,8,20
2024-03-21,Thursday,2,290,7.0091,9.7926,2.7835,28.425,104.9813,135.8135,84.304,59.96,127.13,58.21,2,2,5,3,6,22.419,23.744,100.0,20.0,60.0,260.0,76.786,148.036,49.286,359.464,19.0331,1.404,optimal,4,11,8,20
2024-03-22,Friday,2,240,9.8511,10.9537,1.1025,10.066,166.6376,167.2863,73.077,49.76,121.59,68.86,3,1,8,3,8,23.744,23.744,80.0,100.0,40.0,340.0,78.929,133.036,57.857,359.464,34.5225,3.553,optimal,5,14,8,20
2024-03-25,Monday,2,320,8.315,6.62,-1.6949,-25.603,121.3664,90.5423,91.206,61.85,174.7,86.53,2,1,6,2,4,23.744,23.744,40.0,20.0,80.0,180.0,44.286,151.607,58.571,365.893,47.2901,4.558,optimal,4,10,8,20
2024-03-26,Tuesday,1,180,4.5997,3.8255,-0.7742,-20.237,120.0771,76.744,61.122,11.49,100.75,72.95,3,0,5,1,4,23.744,23.744,140.0,40.0,20.0,160.0,84.643,141.786,23.571,301.071,45.7438,1.091,optimal,3,8,8,20
2024-03-27,Wednesday,1,130,2.8004,5.7199,2.9195,51.041,47.2092,90.5423,81.911,57.13,125.93,61.28,0,0,3,2,4,17.138,23.744,20.0,30.0,60.0,190.0,52.143,52.143,56.429,190.714,21.6666,4.504,optimal,2,7,8,20
2024-03-28,Thursday,1,170,1.5161,3.0121,1.4961,49.668,104.3407,76.744,42.103,0.04,80.92,73.92,3,0,4,1,4,23.744,23.744,160.0,20.0,0.0,180.0,90.357,108.393,14.286,300.536,46.5169,1.082,optimal,4,8,8,20
2024-04-02,Tuesday,1,160,1.8955,0.6351,-1.2604,-198.452,153.488,90.5423,35.946,-1.09,95.39,95.85,2,0,8,2,4,23.744,23.744,40.0,180.0,40.0,180.0,55.0,120.0,36.429,195.714,53.8573,1.293,optimal,2,8,8,20
2024-04-03,Wednesday,1,160,0.0,9.7921,9.7921,100.0,0.0,106.2787,93.23,73.04,123.3,44.86,0,0,0,2,5,0.0,23.744,40.0,20.0,40.0,220.0,40.0,100.0,36.429,232.143,53.1394,3.62,optimal,2,5,8,20
2024-04-04,Thursday,2,190,6.2305,4.1852,-2.0453,-48.868,105.63,61.0076,68.117,55.49,90.66,24.41,2,1,5,1,3,23.744,23.744,40.0,30.0,20.0,150.0,40.0,81.607,20.0,269.464,55.4955,1.874,optimal,3,8,8,20
2024-04-05,Friday,1,140,5.1924,3.4134,-1.779,-52.119,196.8211,151.5499,35.404,-0.1,81.0,67.59,4,0,9,3,7,23.744,23.744,80.0,250.0,40.0,290.0,57.857,156.071,57.857,277.5,51.616,2.233,optimal,4,10,8,20
2024-04-08,Monday,2,270,1.7089,9.5101,7.8012,82.031,28.886,122.0151,86.336,57.89,137.3,68.52,1,1,1,2,6,22.14,23.744,140.0,20.0,0.0,260.0,100.0,187.321,17.857,355.179,54.6646,2.365,optimal,2,7,8,20
2024-04-09,Tuesday,2,260,5.3288,3.8236,-1.5051,-39.364,151.5499,106.2787,51.081,10.09,81.75,71.24,3,0,7,2,5,23.867,23.744,160.0,40.0,0.0,200.0,119.643,73.393,17.857,284.107,51.1785,1.169,optimal,3,11,8,20
2024-04-10,Wednesday,1,170,3.5311,7.5188,3.9878,53.037,76.744,135.8135,87.126,30.32,191.19,159.86,1,0,4,3,6,23.867,23.744,100.0,30.0,60.0,270.0,92.5,56.429,49.286,237.143,48.6911,7.889,optimal,3,10,8,20
2024-04-11,Thursday,2,240,1.4777,1.359,-0.1187,-8.731,121.3664,45.2712,52.386,0.57,137.82,133.5,2,1,6,1,2,23.744,23.744,60.0,30.0,80.0,110.0,55.714,110.893,69.286,268.75,60.6278,0.813,optimal,3,8,8,20
2024-04-12,Friday,1,90,0.8134,4.8054,3.992,83.073,120.0771,167.2863,49.704,-0.07,125.95,124.13,3,0,5,3,8,23.744,23.744,160.0,140.0,60.0,340.0,93.929,88.571,52.857,256.429,58.5568,1.25,optimal,4,10,8,20
2024-04-15,Monday,2,310,2.652,6.2639,3.6119,57.663,106.2787,76.744,59.349,7.8,153.24,83.57,2,0,5,1,4,23.744,23.744,160.0,30.0,0.0,190.0,142.143,143.036,14.286,370.893,70.5352,1.19,optimal,2,9,8,20
2024-04-16,Tuesday,1,160,7.5987,8.3654,0.7667,9.165,151.5499,151.5499,70.141,40.0,124.52,73.77,3,0,7,3,7,24.256,23.744,180.0,150.0,20.0,310.0,125.714,197.143,37.857,317.143,56.9056,0.971,optimal,3,11,8,20
2024-04-17,Wednesday,2,290,6.0097,7.8615,1.8518,23.555,76.0953,90.5423,105.991,77.03,169.9,82.21,1,1,4,2,4,22.263,23.744,120.0,20.0,60.0,180.0,122.143,151.786,56.429,328.214,49.7824,2.063,optimal,2,8,8,20
2024-04-18,Thursday,1,160,5.6395,6.2081,0.5686,9.159,76.0953,61.0076,93.869,70.7,131.19,57.95,1,1,4,1,3,22.419,23.744,60.0,20.0,40.0,140.0,73.929,90.0,40.0,268.571,65.373,0.938,optimal,2,7,8,20
2024-04-19,Friday,1,130,6.2298,3.8755,-2.3543,-60.747,120.7177,61.0076,58.497,44.56,76.0,23.36,2,2,6,1,3,22.419,23.744,20.0,130.0,20.0,130.0,38.214,64.286,20.0,166.429,67.5195,1.772,optimal,2,6,8,20
2024-04-22,Monday,1,120,5.659,11.1437,5.4847,49.218,73.5085,135.8135,103.043,73.67,170.96,89.88,2,2,3,3,6,22.297,23.744,100.0,130.0,80.0,250.0,60.357,127.857,69.286,192.143,42.7154,3.29,optimal,3,6,8,20
2024-04-23,Tuesday,2,250,8.3312,12.4388,4.1076,33.023,104.9813,137.7516,95.631,77.26,136.28,47.61,2,2,5,2,7,22.419,23.744,100.0,80.0,0.0,280.0,76.786,170.0,21.429,362.857,42.0264,1.249,optimal,3,10,8,20
2024-04-24,Wednesday,2,270,8.5673,6.5168,-2.0505,-31.464,104.9813,74.8059,97.64,76.53,143.44,55.11,2,2,5,2,3,22.419,23.744,100.0,10.0,80.0,130.0,76.786,99.286,58.571,280.0,54.134,8.335,optimal,3,8,8,20
2024-04-25,Thursday,1,100,4.1608,5.741,1.5802,27.525,60.3588,61.0076,92.592,66.41,152.29,72.42,1,1,3,1,3,22.419,23.744,80.0,30.0,60.0,150.0,79.643,66.071,52.857,226.786,60.6832,2.87,optimal,2,6,8,20
2024-04-26,Friday,1,130,4.1219,4.9843,0.8624,17.303,60.3588,61.0076,88.05,65.37,141.58,63.16,1,1,3,1,3,22.419,23.744,60.0,20.0,40.0,140.0,59.643,85.536,40.0,239.107,57.2128,3.378,optimal,2,6,8,20
2024-04-29,Monday,1,130,2.163,3.9915,1.8285,45.81,61.0076,61.0076,81.701,33.63,204.57,144.47,1,0,3,1,3,22.86,23.744,40.0,10.0,20.0,130.0,47.857,79.821,20.0,229.107,46.1434,0.959,optimal,2,6,8,20
2024-04-30,Tuesday,1,130,1.3897,2.5884,1.1988,46.313,74.8059,61.0076,63.206,10.0,132.41,110.71,2,0,3,1,3,23.744,17.138,120.0,0.0,0.0,120.0,69.286,67.679,14.286,204.821,45.1724,1.218,optimal,4,7,8,20
2024-05-02,Thursday,1,100,-0.0709,0.5438,0.6147,113.035,106.2787,45.2712,34.846,-4.19,87.96,86.87,2,0,5,1,2,23.124,17.138,120.0,100.0,20.0,100.0,95.0,60.714,20.0,125.0,44.3021,1.076,optimal,2,5,8,20
2024-05-03,Friday,1,100,4.8167,6.2874,1.4707,23.392,76.0953,90.5423,82.384,59.33,119.94,47.9,1,1,4,2,4,22.419,23.744,60.0,160.0,60.0,160.0,69.643,182.5,56.429,193.929,37.4438,0.844,optimal,1,4,8,20
2024-05-06,Monday,1,140,3.3615,6.4666,3.1052,48.018,44.6224,76.744,94.759,74.71,143.99,61.76,1,1,2,1,4,22.118,23.744,80.0,100.0,0.0,180.0,67.857,132.143,14.286,203.571,38.9876,0.76,optimal,1,4,8,20
2024-05-07,Tuesday,1,160,6.5647,12.4268,5.8622,47.173,89.2449,151.5499,95.87,65.53,151.05,63.42,2,2,4,3,7,22.263,23.744,120.0,100.0,20.0,300.0,76.071,104.286,37.857,230.0,47.8576,1.178,optimal,3,9,8,20
2024-05-08,Wednesday,2,300,6.6254,4.8864,-1.739,-35.589,91.8317,61.0076,92.328,66.58,134.42,60.59,1,1,5,1,3,22.419,17.138,20.0,0.0,0.0,120.0,50.357,116.25,14.286,289.821,44.0768,2.242,optimal,2,8,8,20
2024-05-10,Friday,1,120,1.1894,5.0811,3.8917,76.591,104.3407,151.5499,64.873,0.02,170.72,136.29,3,0,4,3,7,23.744,23.744,160.0,40.0,20.0,280.0,97.857,30.0,37.857,190.0,49.4376,1.19,optimal,5,10,8,20
2024-05-13,Monday,2,280,0.1265,1.3611,1.2347,90.709,122.0151,135.8135,45.38,-2.69,146.18,141.46,2,0,6,3,6,23.744,23.744,120.0,0.0,80.0,240.0,107.143,116.964,69.286,344.107,45.3608,0.717,optimal,5,12,8,20
2024-05-14,Tuesday,2,210,-2.8622,0.8239,3.6862,447.392,135.8135,31.4728,14.246,-42.95,93.47,123.56,3,0,6,0,2,23.744,17.138,180.0,30.0,0.0,110.0,116.786,74.464,3.571,257.321,82.8403,0.962,optimal,5,9,8,20
2024-05-15,Wednesday,1,100,-0.5291,1.8347,2.3638,128.836,106.2787,151.5499,36.427,-11.18,110.2,111.19,2,0,5,3,7,23.124,23.744,180.0,130.0,20.0,290.0,155.0,135.357,37.857,238.214,41.5923,0.803,optimal,3,9,8,20
2024-05-16,Thursday,2,270,1.5064,2.7802,1.2738,45.817,151.5499,151.5499,40.754,-0.71,109.91,96.22,3,0,7,3,7,23.744,23.744,200.0,140.0,40.0,300.0,165.357,202.679,57.857,347.679,53.8558,0.724,optimal,3,11,8,20
2024-05-17,Friday,2,300,2.7645,4.1767,1.4123,33.813,76.0953,61.0076,65.468,28.24,107.94,63.62,1,1,4,1,3,22.231,23.744,140.0,0.0,20.0,120.0,147.143,158.214,20.0,328.214,52.815,0.855,optimal,1,7,8,20
2024-05-21,Tuesday,1,100,4.1829,7.9134,3.7306,47.142,90.5423,135.8135,76.059,28.47,126.98,72.1,2,0,4,3,6,24.256,23.744,180.0,60.0,80.0,260.0,144.286,45.714,69.286,192.143,26.5104,1.189,optimal,3,9,8,20
2024-05-22,Wednesday,2,250,5.8584,4.9723,-0.8861,-17.821,91.8317,61.0076,90.698,56.14,154.88,90.11,1,1,5,1,3,22.419,23.744,80.0,10.0,60.0,130.0,96.071,97.5,52.857,281.786,62.365,1.277,optimal,2,8,8,20
2024-05-23,Thursday,1,120,8.6999,10.6392,1.9393,18.228,135.8135,151.5499,94.492,45.31,180.06,103.78,3,0,6,3,7,23.744,23.744,140.0,130.0,80.0,290.0,82.143,97.857,69.286,228.571,46.8689,8.776,optimal,4,10,8,20
2024-05-24,Friday,2,260,6.6611,7.7888,1.1277,14.478,76.0953,76.744,101.922,84.27,129.99,37.26,1,1,4,1,4,22.419,23.744,80.0,30.0,20.0,190.0,92.857,133.571,23.571,342.143,69.2214,1.519,optimal,2,8,8,20
2024-05-27,Monday,2,160,5.9024,4.1333,-1.7691,-42.801,76.0953,45.2712,115.294,72.96,221.46,112.22,1,1,4,1,2,22.419,17.138,20.0,30.0,40.0,110.0,39.643,70.0,40.0,203.571,42.7663,0.975,optimal,2,6,8,20
2024-05-28,Tuesday,1,100,4.5307,8.7248,4.1941,48.071,74.1572,122.0151,87.542,55.25,144.31,74.78,2,1,3,2,6,22.297,23.744,100.0,50.0,0.0,250.0,61.786,40.0,17.857,207.143,47.4281,1.996,optimal,3,8,8,20
2024-05-29,Wednesday,2,220,8.8167,5.8703,-2.9463,-50.191,135.1648,90.5423,85.382,59.07,143.26,78.38,3,1,6,2,4,23.744,23.744,160.0,70.0,40.0,190.0,96.786,165.0,36.429,312.857,39.6326,1.655,optimal,3,9,8,20
2024-05-31,Friday,1,180,7.611,7.867,0.256,3.254,104.9813,90.5423,88.943,65.3,115.0,41.78,2,2,5,2,4,22.419,23.744,160.0,90.0,80.0,170.0,129.643,166.786,58.571,300.357,62.1902,1.743,optimal,2,7,8,20
2024-06-03,Monday,1,170,5.6664,13.8546,8.1882,59.101,76.0953,137.7516,120.791,67.3,215.28,126.77,1,1,4,2,7,22.542,23.744,100.0,80.0,0.0,280.0,111.071,80.714,21.429,265.0,61.5035,1.833,optimal,2,9,8,20
2024-06-04,Tuesday,2,250,6.323,6.0232,-0.2998,-4.978,106.2787,74.8059,104.186,43.86,235.52,129.72,2,0,5,2,3,23.744,23.744,100.0,30.0,80.0,150.0,82.143,112.857,58.571,290.0,55.885,7.652,optimal,3,8,8,20
2024-06-05,Wednesday,1,150,3.4847,8.5829,5.0982,59.399,90.5423,137.7516,82.354,26.3,158.02,125.84,2,0,4,2,7,24.256,23.744,140.0,40.0,0.0,280.0,101.429,111.607,21.429,327.321,53.6646,1.518,optimal,3,10,8,20
2024-06-06,Thursday,2,270,4.4287,2.9002,-1.5285,-52.704,122.0151,74.8059,74.469,19.5,167.72,139.75,2,0,6,2,3,23.744,23.744,100.0,10.0,80.0,130.0,87.143,107.5,58.571,289.643,50.5813,2.177,optimal,3,9,8,20
2024-06-07,Friday,1,110,2.8265,4.694,1.8675,39.784,106.2787,61.0076,70.404,13.08,154.75,136.44,2,0,5,1,3,23.867,23.744,100.0,100.0,60.0,140.0,80.357,58.571,52.857,173.571,75.979,1.67,optimal,2,6,8,20
2024-06-10,Monday,1,140,1.0395,9.8025,8.7629,89.395,15.7364,106.2787,93.921,65.88,146.21,57.38,0,0,1,2,5,17.138,23.744,60.0,0.0,60.0,200.0,79.286,114.643,56.429,269.643,53.8094,6.241,optimal,2,6,8,20
2024-06-11,Tuesday,1,180,2.5562,3.2999,0.7437,22.538,135.8135,76.744,53.182,0.0,127.64,122.34,3,0,6,1,4,23.744,23.744,120.0,60.0,0.0,180.0,80.357,110.357,14.286,310.357,66.0689,1.158,optimal,3,9,8,20
2024-06-12,Wednesday,1,150,4.0781,4.2626,0.1845,4.329,90.5423,74.8059,83.724,39.68,154.66,113.62,2,0,4,2,3,23.744,23.744,160.0,70.0,80.0,150.0,118.571,72.143,58.571,182.143,48.0168,0.979,optimal,2,6,8,20
2024-06-13,Thursday,1,120,1.4722,3.0323,1.5602,51.451,31.4728,31.4728,91.658,43.35,188.35,116.88,0,0,2,0,2,17.138,17.138,80.0,30.0,0.0,110.0,109.286,53.571,3.571,159.286,31.4728,0.739,optimal,0,4,8,20
2024-06-14,Friday,1,80,3.5334,8.394,4.8606,57.905,74.8059,135.8135,82.472,40.74,136.0,86.31,2,0,3,3,6,24.133,23.744,160.0,70.0,60.0,270.0,98.571,88.571,49.286,230.714,52.5348,1.253,optimal,3,8,8,20
2024-06-17,Monday,2,260,6.4023,11.5262,5.1239,44.454,122.0151,167.2863,95.36,39.45,210.16,158.15,2,0,6,3,8,23.744,23.744,120.0,50.0,40.0,330.0,107.143,142.5,57.857,373.929,61.0973,0.802,optimal,4,13,8,20
2024-06-18,Tuesday,2,300,8.8842,4.4429,-4.4413,-99.964,137.7516,61.0076,92.715,51.03,171.87,107.03,2,0,7,1,3,23.744,23.744,40.0,30.0,20.0,150.0,49.286,132.321,20.0,343.75,63.5215,4.616,optimal,3,10,8,20
2024-06-19,Wednesday,1,140,5.626,10.5735,4.9475,46.792,120.0771,167.2863,75.628,22.41,143.66,91.52,3,0,5,3,8,23.744,23.744,140.0,90.0,0.0,330.0,72.143,127.5,50.0,281.786,60.3856,1.297,optimal,4,11,8,20
2024-06-20,Thursday,2,300,10.1599,9.1845,-0.9754,-10.62,151.5499,135.8135,94.997,53.81,200.09,100.16,3,0,7,3,6,23.124,23.744,160.0,70.0,60.0,270.0,116.071,177.321,49.286,374.464,43.679,0.964,optimal,4,12,8,20
2024-06-21,Friday,2,270,7.7962,14.1844,6.3882,45.037,91.8317,151.5499,99.404,78.22,121.84,34.9,1,1,5,3,7,22.419,23.744,60.0,0.0,80.0,280.0,81.429,115.714,69.286,370.714,53.5149,2.795,optimal,4,12,8,20
2024-06-24,Monday,2,270,7.5943,7.5724,-0.0218,-0.288,151.5499,137.7516,84.269,29.96,209.32,125.07,3,0,7,2,7,23.744,23.744,80.0,10.0,0.0,290.0,72.143,77.5,21.429,392.5,56.8741,1.118,optimal,5,14,8,20
2024-06-25,Tuesday,2,280,4.0463,1.768,-2.2783,-128.86,151.5499,74.8059,61.217,-0.05,136.69,128.94,3,0,7,2,3,23.744,23.744,100.0,10.0,80.0,130.0,65.714,101.964,58.571,309.107,55.0583,2.369,optimal,4,10,8,20
2024-06-26,Wednesday,1,100,4.8358,3.4323,-1.4036,-40.893,60.3588,31.4728,101.631,76.54,134.39,50.21,1,1,3,0,2,22.419,17.138,80.0,30.0,0.0,110.0,77.5,30.714,3.571,149.286,45.9158,1.141,optimal,1,5,8,20
2024-06-27,Thursday,1,100,1.4393,3.0052,1.5659,52.106,31.4728,45.2712,87.388,44.56,200.04,140.87,0,0,2,1,2,17.138,17.138,0.0,10.0,20.0,90.0,29.286,23.571,20.0,115.0,35.1936,1.192,optimal,3,6,8,20
2024-06-28,Friday,1,70,-0.2001,0.9477,1.1478,121.117,120.0771,61.0076,36.799,-9.95,138.06,118.84,3,0,5,1,3,23.744,17.138,100.0,140.0,0.0,140.0,53.571,64.286,14.286,132.143,51.6234,1.77,optimal,3,5,8,20
2024-07-01,Monday,1,120,2.4886,6.8091,4.3205,63.452,61.0076,74.8059,89.618,34.61,166.79,104.73,1,0,3,2,3,23.744,23.744,80.0,140.0,80.0,140.0,81.071,187.143,58.571,215.0,64.2624,0.788,optimal,1,3,8,20
2024-07-02,Tuesday,1,130,2.8199,6.5874,3.7675,57.192,44.6224,76.744,83.963,60.93,115.0,47.23,1,1,2,1,4,22.419,23.744,100.0,90.0,20.0,170.0,77.5,111.429,23.571,199.286,60.6832,0.861,optimal,1,4,8,20
2024-07-03,Wednesday,1,150,2.2535,8.0776,5.8241,72.102,31.4728,106.2787,93.033,71.14,163.89,47.03,0,0,2,2,5,17.138,23.744,20.0,20.0,20.0,220.0,45.0,62.857,37.857,205.714,37.403,3.374,optimal,3,7,8,20
2024-07-04,Thursday,2,220,-0.7948,0.2378,1.0325,434.281,120.0771,61.0076,19.001,-19.09,115.3,104.94,3,0,5,1,3,24.256,17.138,120.0,0.0,0.0,120.0,64.643,58.214,14.286,235.357,48.8589,0.801,optimal,4,8,8,20
2024-07-05,Friday,1,120,0.4687,0.3409,-0.1278,-37.497,137.7516,90.5423,36.126,-0.78,142.36,131.02,2,0,7,2,4,23.744,23.744,40.0,160.0,40.0,160.0,50.714,152.857,36.429,213.571,30.7526,1.437,optimal,2,7,8,20
2024-07-08,Monday,1,130,1.8551,6.2385,4.3834,70.264,59.0695,122.0151,86.609,29.45,257.35,144.13,2,0,2,2,6,24.133,23.744,160.0,110.0,0.0,270.0,94.286,199.821,17.857,304.821,48.0569,3.4,optimal,2,6,8,20
2024-07-09,Tuesday,2,270,2.053,2.5968,0.5438,20.94,106.2787,90.5423,66.024,2.71,151.5,142.6,2,0,5,2,4,24.133,23.744,160.0,40.0,40.0,160.0,131.429,151.964,36.429,293.393,33.8129,1.039,optimal,2,8,8,20
2024-07-10,Wednesday,1,140,5.7352,7.84,2.1047,26.846,105.63,122.0151,82.401,44.58,164.08,101.48,2,1,5,2,6,23.867,23.744,160.0,100.0,0.0,260.0,133.214,148.214,17.857,304.643,23.7456,1.358,optimal,2,9,8,20
2024-07-11,Thursday,2,250,7.0765,5.0161,-2.0604,-41.076,122.0151,74.8059,89.156,44.48,184.33,119.04,2,0,6,2,3,23.124,23.744,120.0,90.0,80.0,130.0,101.429,173.75,58.571,284.464,51.1043,0.841,optimal,2,7,8,20
2024-07-12,Friday,1,120,1.2294,14.9203,13.6909,91.76,15.7364,167.2863,90.684,78.04,109.6,24.21,0,0,1,3,8,17.138,23.744,80.0,10.0,60.0,330.0,96.429,50.0,52.857,261.429,78.1994,4.353,optimal,3,9,8,20
2024-07-15,Monday,2,300,4.9716,2.674,-2.2975,-85.919,167.2863,61.0076,72.339,-0.07,224.96,204.2,3,0,8,1,3,23.744,23.744,60.0,30.0,40.0,150.0,53.929,106.607,40.0,343.75,76.5117,2.681,optimal,6,12,8,20
2024-07-16,Tuesday,1,140,-0.0813,2.9148,2.9961,102.789,135.8135,167.2863,37.69,-11.48,121.6,125.42,3,0,6,3,8,23.744,23.744,120.0,130.0,20.0,330.0,81.429,77.857,37.857,246.429,43.8953,1.001,optimal,4,11,8,20
2024-07-17,Wednesday,2,330,2.8164,2.8042,-0.0122,-0.436,106.2787,61.0076,70.235,10.8,187.95,130.0,2,0,5,1,3,23.744,17.138,120.0,0.0,0.0,120.0,102.143,146.964,14.286,324.107,54.3796,0.701,optimal,2,8,8,20
2024-07-18,Thursday,1,100,2.2227,2.5791,0.3564,13.819,60.3588,45.2712,87.784,33.96,227.6,149.45,1,1,3,1,2,22.297,17.138,100.0,20.0,20.0,100.0,92.857,64.643,20.0,173.214,37.0786,0.801,optimal,1,5,8,20
2024-07-19,Friday,1,80,2.4021,4.847,2.4449,50.442,61.0076,90.5423,80.884,36.2,190.46,84.52,1,0,3,2,4,23.744,23.744,80.0,60.0,60.0,180.0,79.286,78.571,56.429,194.286,45.9804,2.006,optimal,2,6,8,20
2024-07-22,Monday,1,180,3.4479,9.4884,6.0405,63.662,90.5423,151.5499,83.449,19.41,186.24,151.66,2,0,4,3,7,23.744,23.744,120.0,40.0,80.0,280.0,75.0,129.643,69.286,335.357,61.4182,3.572,optimal,4,10,8,20
2024-07-23,Tuesday,2,250,6.1414,3.0754,-3.066,-99.695,122.0151,31.4728,73.806,36.01,118.52,76.92,2,0,6,0,2,23.744,17.138,80.0,30.0,0.0,110.0,67.857,89.107,3.571,267.679,73.5656,0.852,optimal,3,9,8,20
2024-07-24,Wednesday,1,110,0.4477,3.5829,3.1352,87.504,106.2787,151.5499,48.862,-2.06,121.82,111.89,2,0,5,3,7,23.744,23.744,80.0,120.0,20.0,280.0,62.143,78.571,37.857,185.0,52.9801,2.272,optimal,3,9,8,20
2024-07-25,Thursday,2,270,4.7603,3.1864,-1.5738,-49.392,135.8135,90.5423,70.085,13.27,155.72,114.25,3,0,6,2,4,24.256,23.744,140.0,90.0,60.0,170.0,84.286,182.679,56.429,303.393,49.5849,1.346,optimal,3,8,8,20
2024-07-26,Friday,1,150,1.9632,4.332,2.3688,54.682,31.4728,45.2712,91.429,60.19,143.25,75.88,0,0,2,1,2,17.138,23.744,60.0,20.0,80.0,100.0,90.714,129.464,69.286,233.036,38.372,1.248,optimal,2,4,8,20
2024-07-29,Monday,1,90,0.0125,3.2526,3.24,99.615,90.5423,106.2787,55.626,-1.7,178.07,133.7,2,0,4,2,5,23.867,23.744,100.0,90.0,80.0,210.0,74.643,105.536,62.143,244.821,55.9645,0.919,optimal,3,7,8,20
2024-07-30,Tuesday,1,200,2.3654,5.6749,3.3095,58.319,135.8135,167.2863,64.532,-0.06,177.13,147.71,3,0,6,3,8,23.744,23.744,160.0,130.0,60.0,330.0,98.929,221.429,52.857,397.857,57.8637,10.395,optimal,4,11,8,20
2024-07-31,Wednesday,2,310,4.5888,5.2523,0.6635,12.633,135.8135,122.0151,66.774,11.36,136.15,98.66,3,0,6,2,6,23.744,23.744,220.0,60.0,20.0,260.0,158.929,191.964,37.857,404.107,53.5483,1.477,optimal,3,11,8,20
2024-08-01,Thursday,2,240,6.1162,4.3881,-1.7281,-39.383,91.8317,61.0076,89.189,60.38,138.07,61.64,1,1,5,1,3,22.263,17.138,120.0,20.0,0.0,140.0,139.643,98.929,14.286,265.357,29.2104,1.061,optimal,1,8,8,20
2024-08-02,Friday,1,110,3.4347,3.9372,0.5026,12.764,60.3588,45.2712,90.585,50.58,146.19,75.05,1,1,3,1,2,22.263,17.138,100.0,30.0,20.0,110.0,92.5,75.893,20.0,193.036,52.0121,0.931,optimal,1,5,8,20
2024-08-05,Monday,1,110,1.8449,5.5708,3.7259,66.883,45.2712,90.5423,98.623,36.35,250.01,128.88,1,0,2,2,4,23.744,23.744,120.0,0.0,60.0,160.0,98.929,70.179,56.429,203.75,39.3467,0.832,optimal,2,6,8,20
2024-08-06,Tuesday,1,140,3.1192,3.9952,0.876,21.927,135.8135,122.0151,76.027,2.95,230.85,169.79,3,0,6,2,6,23.744,23.744,180.0,100.0,20.0,260.0,118.929,65.0,37.857,237.143,53.5483,1.895,optimal,3,10,8,20
2024-08-07,Wednesday,2,240,5.0188,5.296,0.2772,5.234,92.4804,90.5423,88.022,35.05,149.28,92.11,1,0,5,2,4,23.867,23.744,80.0,60.0,60.0,180.0,103.214,147.321,56.429,288.75,30.3792,0.711,optimal,2,8,8,20
2024-08-08,Thursday,1,170,3.1048,10.0429,6.9381,69.085,61.0076,151.5499,90.0,32.18,197.31,98.25,1,0,3,3,7,23.744,23.744,60.0,10.0,80.0,290.0,57.5,45.714,69.286,253.571,60.0391,3.177,optimal,4,10,8,20
2024-08-09,Friday,2,260,0.787,1.2972,0.5102,39.331,151.5499,31.4728,33.398,-0.8,124.97,118.21,3,0,7,0,2,24.256,17.138,80.0,30.0,0.0,110.0,57.857,87.679,3.571,291.964,76.6471,1.203,optimal,3,9,8,20
2024-08-12,Monday,1,100,2.0414,2.3562,0.3148,13.362,106.2787,90.5423,79.996,6.98,224.84,195.96,2,0,5,2,4,23.744,23.744,80.0,130.0,40.0,170.0,62.143,94.286,36.429,155.714,32.2387,1.195,optimal,2,6,8,20
2024-08-13,Tuesday,1,150,2.7707,4.1007,1.33,32.433,61.0076,45.2712,98.058,40.37,205.35,159.71,1,0,3,1,2,23.744,23.744,60.0,100.0,60.0,100.0,58.214,121.429,49.286,160.714,53.1394,1.409,optimal,1,3,8,20
2024-08-14,Wednesday,1,90,0.0,5.803,5.803,100.0,0.0,61.0076,109.658,72.85,218.92,86.7,0,0,0,1,3,0.0,23.744,60.0,10.0,40.0,130.0,60.0,98.393,40.0,189.821,30.5038,0.881,optimal,1,3,8,20
2024-08-15,Thursday,1,100,3.2241,7.5288,4.3047,57.177,135.8135,167.2863,69.533,-0.04,160.3,142.5,3,0,6,3,8,23.744,23.744,120.0,150.0,20.0,350.0,83.571,86.429,37.857,246.429,44.5018,2.111,optimal,4,11,8,20
2024-08-16,Friday,2,330,5.9673,4.1089,-1.8584,-45.229,106.2787,61.0076,109.423,47.57,243.12,180.59,2,0,5,1,3,24.256,17.138,120.0,20.0,0.0,140.0,87.857,184.821,14.286,344.107,42.2761,1.432,optimal,2,8,8,20
2024-08-19,Monday,1,120,3.923,6.8707,2.9477,42.902,47.2092,74.8059,113.917,78.87,203.83,120.1,0,0,3,2,3,17.138,23.744,0.0,20.0,80.0,140.0,38.571,30.714,58.571,157.143,33.1436,1.872,optimal,2,6,8,20
2024-08-20,Tuesday,1,130,2.6256,7.8616,5.236,66.603,74.8059,122.0151,86.821,18.22,158.81,134.35,2,0,3,2,6,23.744,23.744,80.0,10.0,40.0,250.0,47.143,77.679,40.0,302.679,54.8176,1.187,optimal,5,9,8,20
2024-08-21,Wednesday,2,250,-1.5968,1.1639,2.7606,237.196,135.8135,106.2787,35.351,-21.28,140.35,151.28,3,0,6,2,5,23.744,23.744,140.0,0.0,40.0,200.0,76.786,93.393,36.429,339.107,54.8743,1.016,optimal,5,11,8,20
2024-08-22,Thursday,1,190,-0.1423,2.8324,2.9746,105.023,106.2787,122.0151,45.76,-4.35,113.05,115.3,2,0,5,2,6,24.133,23.744,140.0,10.0,0.0,250.0,111.429,100.179,17.857,343.75,47.7175,1.177,optimal,5,11,8,20
2024-08-23,Friday,2,240,-1.1406,-0.2318,0.9088,-392.007,151.5499,74.8059,26.743,-16.55,123.15,133.89,3,0,7,2,3,24.256,23.744,160.0,50.0,80.0,130.0,104.643,112.5,58.571,274.643,47.2633,0.899,optimal,3,9,8,20
2024-08-26,Monday,1,130,1.896,8.3389,6.4429,77.263,61.0076,122.0151,99.731,17.55,231.06,167.24,1,0,3,2,6,23.744,23.744,140.0,40.0,40.0,240.0,138.214,114.107,40.0,292.679,38.3999,1.429,optimal,2,8,8,20
2024-08-27,Tuesday,2,240,1.9859,4.0346,2.0488,50.78,106.2787,61.0076,83.485,1.18,232.25,215.59,2,0,5,1,3,23.867,23.744,140.0,0.0,20.0,120.0,118.571,99.464,20.0,283.75,56.7749,0.856,optimal,2,8,8,20
2024-08-28,Wednesday,1,110,2.4482,3.4928,1.0446,29.907,76.744,61.0076,93.184,8.17,204.03,191.51,1,0,4,1,3,23.744,17.138,80.0,50.0,0.0,130.0,88.571,32.143,14.286,142.143,41.309,1.092,optimal,1,6,8,20
2024-08-29,Thursday,1,130,5.8532,12.4978,6.6447,53.167,90.5423,151.5499,118.445,45.25,289.27,176.17,2,0,4,3,7,24.133,23.744,120.0,80.0,20.0,280.0,85.0,69.286,37.857,195.0,49.7101,1.556,optimal,3,9,8,20
2024-08-30,Friday,2,270,10.48,8.2278,-2.2521,-27.372,121.3664,90.5423,105.517,79.08,156.11,57.09,2,1,6,2,4,23.744,23.744,80.0,50.0,60.0,170.0,67.857,133.571,56.429,298.571,46.3982,2.844,optimal,3,9,8,20
2024-09-02,Monday,1,140,6.3307,6.6193,0.2886,4.361,73.5085,61.0076,123.571,81.19,255.4,128.43,2,2,3,1,3,22.419,23.744,160.0,30.0,40.0,150.0,93.214,50.714,40.0,191.429,47.7001,1.124,optimal,2,6,8,20
2024-09-03,Tuesday,1,150,6.4979,6.5677,0.0698,1.062,76.0953,61.0076,191.852,82.69,656.37,436.19,1,1,4,1,3,22.542,23.744,100.0,40.0,20.0,120.0,106.786,42.143,20.0,166.429,52.4267,1.022,optimal,1,6,8,20
2024-09-04,Wednesday,1,120,4.0313,16.3302,12.2989,75.314,44.6224,151.5499,133.579,89.2,320.07,98.74,1,1,2,3,7,22.542,23.744,120.0,0.0,40.0,280.0,97.5,23.571,57.857,190.0,64.3742,6.401,optimal,3,9,8,20
2024-09-05,Thursday,2,260,2.922,4.9679,2.0459,41.183,167.2863,167.2863,45.733,-19.68,119.04,111.44,3,0,8,3,8,24.256,23.744,100.0,60.0,20.0,340.0,80.357,96.964,37.857,398.393,67.4993,2.011,optimal,5,15,8,20
2024-09-06,Friday,2,330,12.2614,10.3716,-1.8898,-18.221,196.8211,167.2863,76.631,12.48,136.49,114.47,4,0,9,3,8,23.744,23.744,140.0,90.0,0.0,330.0,92.143,150.357,50.0,396.071,58.4806,1.939,optimal,5,15,8,20
2024-09-09,Monday,2,320,10.82,13.0166,2.1967,16.876,120.7177,135.8135,104.128,78.68,159.57,47.62,2,2,6,3,6,22.419,23.744,100.0,10.0,60.0,250.0,85.357,111.071,49.286,359.643,46.8949,15.745,optimal,4,12,8,20
2024-09-10,Tuesday,2,250,4.5754,4.134,-0.4413,-10.676,181.0847,151.5499,46.051,-0.16,114.94,100.07,4,0,8,3,7,23.744,23.744,180.0,80.0,80.0,280.0,97.857,78.214,69.286,331.786,71.3356,1.73,optimal,5,13,8,20
2024-09-11,Wednesday,2,280,11.2217,13.2853,2.0636,15.533,151.5499,167.2863,93.331,62.45,142.86,74.51,3,0,7,3,8,23.744,23.744,200.0,80.0,60.0,320.0,140.357,163.036,52.857,384.464,52.186,2.183,optimal,4,13,8,20
2024-09-12,Thursday,2,300,10.062,16.4292,6.3673,38.756,120.7177,167.2863,124.874,78.23,300.01,171.4,2,2,6,3,8,22.263,23.744,160.0,20.0,40.0,340.0,145.357,142.143,57.857,413.571,60.1005,0.945,optimal,4,14,8,20
2024-09-13,Friday,2,310,13.7853,10.2578,-3.5275,-34.389,165.9889,106.2787,91.476,66.96,132.24,44.04,3,2,8,2,5,23.867,23.744,140.0,30.0,40.0,230.0,90.357,61.25,36.429,399.107,91.4393,1.408,optimal,4,13,8,20
2024-09-16,Monday,2,230,10.3415,10.1111,-0.2304,-2.278,120.7177,90.5423,100.863,75.37,146.06,50.1,2,2,6,2,4,22.419,23.744,100.0,40.0,80.0,160.0,106.071,62.143,58.571,286.429,74.4946,0.827,optimal,3,9,8,20
2024-09-17,Tuesday,1,130,3.2423,7.8051,4.5628,58.46,61.0076,76.744,86.976,25.64,137.52,90.76,1,0,3,1,4,23.744,23.744,80.0,30.0,20.0,190.0,77.5,45.714,23.571,219.286,51.6856,1.33,optimal,2,7,8,20
2024-09-18,Wednesday,2,190,0.807,3.6681,2.8611,78.001,90.5423,106.2787,67.794,-0.09,133.07,129.92,2,0,4,2,5,23.744,23.744,120.0,0.0,20.0,200.0,77.143,59.821,37.857,249.107,29.5626,1.501,optimal,3,9,8,20
2024-09-19,Thursday,1,180,2.1333,6.9303,4.797,69.218,106.2787,151.5499,68.981,-0.09,134.3,124.18,2,0,5,3,7,24.133,23.744,120.0,20.0,40.0,300.0,91.429,107.5,57.857,326.786,29.9606,0.855,optimal,4,12,8,20
2024-09-20,Friday,2,280,4.7716,3.7599,-1.0117,-26.909,151.5499,61.0076,62.826,-0.01,145.72,108.77,3,0,7,1,3,23.744,23.744,140.0,20.0,20.0,140.0,105.357,106.964,20.0,333.393,77.1524,1.028,optimal,3,10,8,20
2024-09-23,Monday,1,140,4.6903,5.5084,0.8181,14.852,60.3588,61.0076,132.26,76.55,328.39,163.49,1,1,3,1,3,22.419,17.138,120.0,0.0,0.0,120.0,108.929,86.071,14.286,214.643,32.788,0.841,optimal,1,6,8,20
2024-09-24,Tuesday,1,110,4.1992,6.3437,2.1444,33.804,60.3588,74.8059,93.129,61.59,127.4,55.14,1,1,3,2,3,22.297,23.744,100.0,10.0,80.0,130.0,94.286,55.893,58.571,195.179,51.9121,5.433,optimal,2,6,8,20
2024-09-25,Wednesday,1,110,1.545,4.9549,3.4098,68.818,61.0076,106.2787,84.03,18.78,195.42,137.1,1,0,3,2,5,23.744,23.744,80.0,20.0,80.0,220.0,76.786,83.036,62.143,274.464,34.5796,2.887,optimal,3,8,8,20
2024-09-26,Thursday,2,210,2.7949,5.8138,3.0189,51.927,106.2787,137.7516,53.612,12.08,89.0,70.72,2,0,5,2,7,23.744,23.744,80.0,10.0,0.0,290.0,62.143,82.321,21.429,348.036,43.5886,0.778,optimal,5,12,8,20
2024-09-27,Friday,2,280,0.0412,-0.0786,-0.1198,152.47,151.5499,106.2787,19.863,-6.32,62.55,66.03,3,0,7,2,5,23.744,23.744,100.0,10.0,0.0,210.0,66.786,97.679,17.857,323.393,48.6089,1.379,optimal,4,12,8,20
2024-09-30,Monday,1,180,4.3075,2.1767,-2.1308,-97.893,167.2863,90.5423,40.491,2.06,93.55,62.73,3,0,8,2,4,23.744,23.744,80.0,150.0,40.0,190.0,88.214,145.357,36.429,302.5,66.8603,1.059,optimal,3,9,8,20
2024-10-01,Tuesday,1,170,4.6496,5.2713,0.6217,11.794,76.744,61.0076,91.629,55.66,136.51,77.39,1,0,4,1,3,23.744,23.744,20.0,140.0,20.0,140.0,37.5,152.143,20.0,196.429,51.6856,1.099,optimal,1,4,8,20
2024-10-02,Wednesday,1,140,4.8073,12.5626,7.7553,61.733,57.7721,135.8135,102.175,78.87,135.7,48.56,2,2,2,3,6,22.297,23.744,140.0,80.0,80.0,240.0,70.357,103.571,69.286,192.143,47.783,1.34,optimal,3,6,8,20
2024-10-04,Friday,2,220,5.8833,7.092,1.2087,17.043,76.0953,61.0076,103.409,73.49,149.02,66.35,1,1,4,1,3,22.419,23.744,80.0,20.0,60.0,140.0,88.571,105.357,52.857,276.786,65.373,0.827,optimal,2,7,8,20
2024-10-07,Monday,1,120,6.1541,3.9657,-2.1884,-55.183,106.2787,45.2712,103.829,43.29,237.65,175.42,2,0,5,1,2,23.744,23.744,80.0,100.0,80.0,100.0,62.143,77.857,69.286,145.714,59.5496,0.975,optimal,2,5,8,20
2024-10-08,Tuesday,1,100,0.0,9.1071,9.1071,100.0,0.0,106.2787,103.634,76.0,168.2,76.44,0,0,0,2,5,0.0,23.744,80.0,0.0,80.0,200.0,80.0,98.214,62.143,244.643,53.1394,1.979,optimal,2,5,8,20
2024-10-09,Wednesday,1,170,7.0328,6.2797,-0.7531,-11.993,106.2787,76.744,90.241,59.8,127.12,62.68,2,0,5,1,4,23.744,23.744,80.0,30.0,20.0,190.0,62.143,118.393,23.571,321.25,56.0162,1.148,optimal,3,9,8,20
2024-10-10,Thursday,1,160,5.0544,7.0811,2.0267,28.621,135.8135,151.5499,63.316,15.94,119.32,81.18,3,0,6,3,7,23.744,23.744,140.0,110.0,40.0,310.0,81.071,93.571,57.857,240.0,34.5461,1.326,optimal,4,11,8,20
2024-10-11,Friday,2,310,6.9391,8.2522,1.3131,15.913,105.63,90.5423,101.609,57.17,174.24,108.3,2,1,5,2,4,23.124,23.744,140.0,0.0,80.0,160.0,109.643,139.286,58.571,345.714,49.5837,1.978,optimal,3,9,8,20
2024-10-14,Monday,1,130,6.4607,7.4773,1.0166,13.595,76.0953,61.0076,133.184,74.16,269.74,174.5,1,1,4,1,3,22.419,23.744,80.0,30.0,60.0,150.0,89.643,81.964,52.857,256.25,67.7485,0.846,optimal,2,7,8,20
2024-10-15,Tuesday,1,120,4.4497,7.1792,2.7295,38.019,60.3588,61.0076,97.083,66.65,176.61,65.04,1,1,3,1,3,22.419,23.744,60.0,30.0,40.0,150.0,74.643,70.714,40.0,239.286,57.2128,0.989,optimal,2,6,8,20
2024-10-16,Wednesday,1,120,3.6797,7.6372,3.9575,51.819,151.5499,196.8211,43.846,2.04,88.38,80.47,3,0,7,4,9,23.744,23.744,80.0,190.0,80.0,390.0,81.071,100.714,58.571,260.714,75.6819,2.177,optimal,5,12,8,20
2024-10-17,Thursday,2,370,8.1273,6.7342,-1.3932,-20.688,135.8135,106.2787,92.012,46.54,186.21,124.67,3,0,6,2,5,23.744,23.744,140.0,60.0,80.0,220.0,83.214,239.107,62.143,433.393,53.4611,1.03,optimal,4,10,8,20
2024-10-18,Friday,1,190,6.3011,8.5546,2.2535,26.343,76.0953,76.744,109.849,80.2,181.28,75.05,1,1,4,1,4,22.419,23.744,80.0,30.0,20.0,190.0,87.5,146.607,23.571,340.893,56.4902,0.969,optimal,2,8,8,20
2024-10-21,Monday,1,160,7.3709,5.2625,-2.1084,-40.065,89.2449,61.0076,116.258,73.19,222.11,109.84,2,2,4,1,3,22.419,17.138,120.0,30.0,0.0,150.0,76.071,125.714,14.286,264.286,31.4046,0.692,optimal,2,7,8,20
2024-10-22,Tuesday,1,140,7.2113,8.048,0.8366,10.395,90.5423,90.5423,107.72,70.88,170.12,84.22,2,0,4,2,4,24.256,23.744,160.0,50.0,40.0,170.0,122.143,47.143,36.429,175.714,40.3091,1.215,optimal,2,7,8,20
2024-10-23,Wednesday,1,140,5.066,7.7534,2.6874,34.66,60.3588,61.0076,121.554,78.97,218.18,102.14,1,1,3,1,3,22.542,23.744,140.0,30.0,20.0,150.0,126.786,50.714,20.0,191.429,44.5585,0.835,optimal,1,6,8,20
2024-10-24,Thursday,1,150,6.4889,8.5881,2.0992,24.443,76.0953,90.5423,108.278,79.15,171.27,60.02,1,1,4,2,4,22.419,23.744,80.0,40.0,60.0,160.0,105.357,95.893,56.429,243.036,38.2466,1.139,optimal,2,7,8,20
2024-10-25,Friday,1,130,7.8884,8.2632,0.3749,4.536,90.5423,76.744,124.658,78.18,227.32,103.77,2,0,4,1,4,23.744,23.744,120.0,70.0,0.0,190.0,80.0,67.857,14.286,208.571,42.7249,1.071,optimal,2,7,8,20
2024-10-28,Monday,2,190,10.9506,9.4284,-1.5222,-16.145,104.9813,90.5423,119.36,94.93,148.8,48.51,2,2,5,2,4,22.419,23.744,120.0,80.0,40.0,160.0,113.929,108.214,36.429,219.643,41.1471,0.758,optimal,2,7,8,20
2024-10-29,Tuesday,1,140,4.9373,7.7529,2.8156,36.317,44.6224,61.0076,162.178,105.45,285.8,144.47,1,1,2,1,3,22.297,23.744,140.0,20.0,20.0,140.0,116.429,63.571,20.0,181.429,26.2412,0.962,optimal,1,5,8,20
2024-10-30,Wednesday,1,110,6.4579,10.1571,3.6992,36.42,60.3588,90.5423,135.523,102.53,193.88,85.94,1,1,3,2,4,22.263,23.744,120.0,30.0,60.0,190.0,109.643,93.036,56.429,233.75,27.231,1.434,optimal,2,7,8,20
2024-10-31,Thursday,1,180,10.1392,6.8107,-3.3285,-48.872,105.63,61.0076,110.131,85.34,133.47,40.09,2,1,5,1,3,22.86,23.744,120.0,50.0,40.0,130.0,59.643,41.429,40.0,191.429,55.027,1.458,optimal,2,7,8,20
2024-11-04,Monday,1,120,5.8771,6.9347,1.0576,15.251,60.3588,61.0076,142.444,95.16,290.21,143.92,1,1,3,1,3,22.263,23.744,100.0,50.0,20.0,130.0,89.286,125.0,20.0,219.286,29.2104,0.787,optimal,1,5,8,20
2024-11-05,Tuesday,1,100,11.0948,30.0936,18.9987,63.132,105.63,151.5499,204.966,94.92,505.31,373.46,2,1,5,3,7,23.744,23.744,100.0,150.0,40.0,310.0,76.786,132.143,57.857,210.0,53.0774,2.72,optimal,3,9,8,20
2024-11-06,Wednesday,2,300,13.9502,37.682,23.7317,62.979,105.63,151.5499,303.072,123.2,820.11,681.88,2,1,5,3,7,24.256,23.744,100.0,50.0,60.0,290.0,98.214,184.286,49.286,395.714,63.6968,2.022,optimal,4,11,8,20
2024-11-07,Thursday,2,280,16.8545,16.0705,-0.784,-4.879,121.3664,106.2787,186.471,113.92,408.26,167.37,2,1,6,2,5,23.744,23.744,60.0,10.0,60.0,210.0,72.5,110.357,56.429,349.643,43.1266,1.497,optimal,4,11,8,20
2024-11-08,Friday,2,210,15.1742,7.3048,-7.8694,-107.73,133.8673,61.0076,119.923,105.59,132.91,26.09,3,3,6,1,3,22.419,23.744,120.0,40.0,40.0,120.0,62.5,57.321,40.0,249.464,57.7138,1.154,optimal,3,8,8,20
2024-11-11,Monday,1,100,11.3213,7.8369,-3.4844,-44.462,91.8317,61.0076,132.056,112.88,153.18,27.25,1,1,5,1,3,22.419,23.744,20.0,140.0,20.0,140.0,86.071,68.571,20.0,161.429,46.9313,1.549,optimal,1,5,8,20
2024-11-12,Tuesday,1,120,4.2586,10.7365,6.4779,60.335,28.886,61.0076,197.559,131.9,317.89,123.61,1,1,1,1,3,17.138,17.138,80.0,60.0,0.0,140.0,71.786,137.857,14.286,215.0,32.2841,0.73,optimal,1,3,8,20
2024-11-13,Wednesday,1,120,5.9959,16.0818,10.0859,62.716,45.2712,90.5423,172.316,114.86,227.43,100.23,1,0,2,2,4,23.867,23.744,100.0,20.0,40.0,180.0,67.857,62.857,36.429,233.571,67.9067,1.235,optimal,2,6,8,20
2024-11-14,Thursday,1,170,15.2859,11.3396,-3.9462,-34.8,121.3664,90.5423,135.753,121.68,155.91,30.17,2,1,6,2,4,23.744,23.744,60.0,90.0,80.0,170.0,73.214,81.429,58.571,208.571,18.7861,0.889,optimal,3,8,8,20
2024-11-15,Friday,1,140,5.6061,4.7932,-0.8129,-16.959,44.6224,31.4728,132.826,110.74,157.77,35.13,1,1,2,0,2,22.118,17.138,80.0,30.0,0.0,110.0,68.929,66.429,3.571,169.286,36.9131,1.266,optimal,1,4,8,20
2024-11-18,Monday,1,110,16.0543,21.7165,5.6622,26.073,150.9012,181.0847,121.629,79.5,161.82,66.92,3,1,7,4,8,23.744,23.744,100.0,200.0,80.0,320.0,76.429,188.75,58.571,242.321,74.8742,1.273,optimal,4,10,8,20
2024-11-19,Tuesday,2,320,7.4642,11.8429,4.3788,36.973,60.3588,76.744,138.792,109.37,157.57,39.16,1,1,3,1,4,22.118,23.744,80.0,0.0,20.0,160.0,78.571,153.036,23.571,375.893,68.5514,1.017,optimal,2,7,8,20
2024-11-20,Wednesday,1,130,13.6668,15.8231,2.1563,13.628,122.0151,135.8135,125.867,97.26,142.87,45.22,2,0,6,3,6,23.744,23.744,40.0,110.0,80.0,270.0,58.571,52.857,69.286,217.143,53.479,2.148,optimal,4,10,8,20
2024-11-21,Thursday,2,240,10.8926,18.1392,7.2466,39.95,89.2449,137.7516,140.617,113.57,182.26,59.5,2,2,4,2,7,22.542,23.744,80.0,30.0,0.0,310.0,78.214,125.714,21.429,387.857,46.3869,1.535,optimal,4,11,8,20
2024-11-22,Friday,2,290,16.6897,15.2947,-1.395,-9.121,150.2525,135.8135,118.309,95.23,144.08,45.4,3,2,7,3,6,23.744,23.744,100.0,20.0,60.0,260.0,40.0,75.714,49.286,345.0,57.1494,12.426,optimal,5,13,8,20
2024-11-25,Monday,2,250,9.274,2.7732,-6.5008,-234.418,151.5499,45.2712,79.876,40.0,128.0,76.63,3,0,7,1,2,23.744,23.744,120.0,50.0,80.0,90.0,102.857,113.036,69.286,253.75,53.1394,0.988,optimal,3,8,8,20
2024-11-26,Tuesday,1,90,9.7541,8.9657,-0.7884,-8.794,91.8317,76.744,126.247,90.9,160.91,55.52,1,1,5,1,4,22.263,23.744,20.0,160.0,20.0,160.0,63.571,100.714,23.571,169.286,52.815,2.186,optimal,1,5,8,20
2024-11-27,Wednesday,1,130,2.4823,9.2353,6.753,73.121,28.886,61.0076,128.019,71.86,184.84,86.31,1,1,1,1,3,17.138,17.138,80.0,70.0,0.0,150.0,25.357,95.0,14.286,172.143,44.9468,0.964,optimal,1,3,8,20
2024-11-28,Thursday,1,130,10.4099,7.326,-3.0839,-42.096,104.9813,74.8059,119.89,92.1,158.23,57.75,2,2,5,2,3,22.419,23.744,80.0,140.0,80.0,140.0,67.5,130.0,58.571,162.143,28.5052,2.078,optimal,2,5,8,20
2024-11-29,Friday,1,110,5.3297,17.6255,12.2958,69.762,44.6224,122.0151,139.302,115.1,181.35,42.99,1,1,2,2,6,22.118,23.744,100.0,110.0,40.0,270.0,50.714,160.179,40.0,303.036,67.5824,1.26,optimal,2,6,8,20
2024-12-02,Monday,2,240,22.3351,19.6033,-2.7319,-13.936,179.7872,151.5499,130.028,112.68,147.9,32.59,4,2,8,3,7,23.744,23.744,180.0,190.0,60.0,310.0,90.357,216.429,49.286,366.429,46.2402,1.142,optimal,4,11,8,20
2024-12-03,Tuesday,2,300,13.1263,8.8497,-4.2767,-48.326,91.8317,61.0076,164.917,135.62,210.0,65.95,1,1,5,1,3,22.263,23.744,80.0,90.0,40.0,130.0,85.357,256.429,40.0,328.571,35.9321,1.138,optimal,1,6,8,20
2024-12-04,Wednesday,1,100,2.4493,14.0901,11.6408,82.617,15.7364,61.0076,220.636,148.34,287.76,110.98,0,0,1,1,3,17.138,23.744,40.0,30.0,20.0,150.0,75.714,88.929,20.0,219.643,38.372,1.076,optimal,1,4,8,20
2024-12-05,Thursday,1,150,16.4363,18.1651,1.7288,9.517,164.0508,167.2863,108.316,77.3,141.29,44.65,4,2,7,3,8,23.744,23.744,160.0,160.0,0.0,320.0,57.857,62.143,50.0,209.286,67.1028,5.802,optimal,4,11,8,20
2024-12-06,Friday,2,310,9.3378,4.5512,-4.7866,-105.173,91.8317,45.2712,118.486,91.9,151.07,44.62,1,1,5,1,2,22.419,17.138,60.0,50.0,20.0,90.0,61.786,220.179,20.0,292.321,26.8617,2.168,optimal,1,6,8,20
2024-12-09,Monday,1,80,8.7743,7.7233,-1.0511,-13.609,76.0953,61.0076,121.231,100.98,129.81,13.73,1,1,4,1,3,22.118,17.138,0.0,130.0,0.0,130.0,53.929,81.429,14.286,165.714,64.0163,0.877,optimal,1,4,8,20
2024-12-10,Tuesday,1,110,9.6932,13.7713,4.0781,29.613,57.7721,74.8059,183.077,151.15,202.38,33.58,2,2,2,2,3,22.419,23.744,120.0,100.0,80.0,140.0,66.071,78.571,58.571,152.143,53.1394,0.99,optimal,2,3,8,20
2024-12-11,Wednesday,1,140,31.5726,40.0764,8.5038,21.219,105.63,106.2787,355.753,171.2,445.08,231.05,2,1,5,2,5,23.744,23.744,120.0,160.0,80.0,200.0,101.071,175.357,62.143,283.929,67.374,1.007,optimal,2,6,8,20
2024-12-12,Thursday,2,190,3.5027,55.9043,52.4016,93.734,15.7364,106.2787,552.584,169.4,936.28,523.32,0,0,1,2,5,17.138,23.744,80.0,10.0,80.0,210.0,115.714,123.571,62.143,309.286,61.0076,3.073,optimal,2,6,8,20
2024-12-13,Friday,1,180,20.6817,7.6626,-13.0192,-169.906,105.63,31.4728,211.356,146.22,284.21,95.0,2,1,5,0,2,23.744,17.138,80.0,30.0,0.0,110.0,62.143,55.714,3.571,189.286,48.9935,1.088,optimal,2,7,8,20
2024-12-16,Monday,1,100,7.1287,5.9918,-1.1369,-18.974,104.9813,74.8059,74.145,44.41,85.22,20.2,2,2,5,2,3,22.419,23.744,80.0,130.0,80.0,130.0,69.286,58.571,58.571,137.143,71.4361,2.061,optimal,2,5,8,20
2024-12-17,Tuesday,1,130,0.0,8.4253,8.4253,100.0,0.0,76.744,110.299,95.84,127.33,23.09,0,0,0,1,4,0.0,23.744,80.0,0.0,20.0,160.0,80.0,65.0,23.571,189.286,38.372,0.785,optimal,1,4,8,20
2024-12-18,Wednesday,1,160,8.1803,4.0094,-4.1708,-104.025,136.4541,61.0076,61.699,46.81,77.58,22.13,2,2,7,1,3,22.419,17.138,0.0,120.0,0.0,120.0,41.071,46.429,14.286,157.143,56.326,1.097,optimal,2,7,8,20
2024-12-19,Thursday,1,110,7.3036,7.3444,0.0408,0.556,105.63,106.2787,73.429,65.84,92.58,19.92,2,1,5,2,5,22.297,23.744,0.0,210.0,0.0,210.0,31.786,156.429,17.857,175.714,26.7804,1.524,optimal,2,5,8,20
2024-12-20,Friday,2,200,0.0,7.0771,7.0771,100.0,0.0,74.8059,96.54,71.82,109.89,25.88,0,0,0,2,3,0.0,23.744,0.0,10.0,80.0,130.0,0.0,158.214,58.571,235.357,37.403,1.247,optimal,2,3,8,20
2024-12-23,Monday,1,100,8.6535,3.4648,-5.1887,-149.753,135.8135,61.0076,74.916,52.0,108.29,49.02,3,0,6,1,3,23.744,23.744,60.0,150.0,60.0,150.0,57.857,73.571,52.857,178.571,68.8758,0.983,optimal,3,6,8,20
2024-12-24,Tuesday,1,150,2.8454,7.1724,4.3271,60.329,28.886,61.0076,114.042,94.63,120.95,17.65,1,1,1,1,3,22.118,23.744,120.0,40.0,40.0,120.0,56.429,75.0,40.0,166.429,44.9468,0.973,optimal,1,3,8,20
2024-12-26,Thursday,1,120,17.0144,23.5416,6.5272,27.726,150.2525,196.8211,120.705,103.9,138.05,31.89,3,2,7,4,9,24.133,23.744,140.0,200.0,80.0,360.0,101.429,145.0,58.571,230.714,56.4627,1.201,optimal,4,11,8,20
2024-12-27,Friday,2,340,8.576,9.3273,0.7513,8.055,76.0953,76.744,130.381,107.81,158.4,43.86,1,1,4,1,4,22.419,23.744,80.0,20.0,20.0,180.0,84.286,200.893,23.571,386.607,47.5275,1.138,optimal,2,8,8,20
2024-12-30,Monday,1,170,7.0188,13.4242,6.4054,47.715,89.8936,151.5499,86.56,68.02,109.97,25.17,2,1,4,3,7,23.867,23.744,120.0,10.0,40.0,290.0,67.857,71.964,57.857,306.964,81.1398,1.101,optimal,4,11,8,20
2024-12-31,Tuesday,2,280,9.6002,0.0,-9.6002,0.0,136.4541,0.0,72.002,15.7,83.67,47.9,2,2,7,0,0,22.542,0.0,40.0,10.0,40.0,10.0,99.286,53.393,40.0,212.679,68.227,0.218,optimal,2,7,4,10
